Workbook

Sheet Sales
A1: OrderID | B1: OrderDate | C1: CustomerID | D1: ProductID | E1: Quantity | F1: SalesAmount | G1: Product_Category | H1: Unit_Price | I1: Country | J1: Revenue Per Order | M1: Metrics | N1: Figures
A2: ORD0001 | B2: 45302 | C2: CUST115 | D2: PROD020 | E2: 5 | F2: 2098.25 | G2: =_xlfn.XLOOKUP(Sales_Table[[#This Row],[ProductID]],Products!A:A,Products!C:C,) -> Sports | H2: =VLOOKUP(D2,Products_Table[],4,FALSE) -> 419.65 | I2: =VLOOKUP(C2,Customer_Table[],4,FALSE) -> Canada | J2: =IF($E$2*$H$2=$F$2,"MATCH","DESCREPANCY") -> MATCH | M2: Total Revenue Generated | N2: 249314.65
A3: ORD0002 | B3: 45312 | C3: CUST077 | D3: PROD032 | E3: 5 | F3: 199.35 | G3: =_xlfn.XLOOKUP(Sales_Table[[#This Row],[ProductID]],Products!A:A,Products!C:C,) -> Sports | H3: =VLOOKUP(D3,Products_Table[],4,FALSE) -> 39.87 | I3: =VLOOKUP(C3,Customer_Table[],4,FALSE) -> India | J3: =IF($E$2*$H$2=$F$2,"MATCH","DESCREPANCY") -> MATCH | M3: Total Quantity Sold | N3: 1080
A4: ORD0003 | B4: 45460 | C4: CUST091 | D4: PROD017 | E4: 4 | F4: 946.76 | G4: =_xlfn.XLOOKUP(Sales_Table[[#This Row],[ProductID]],Products!A:A,Products!C:C,) -> Home | H4: =VLOOKUP(D4,Products_Table[],4,FALSE) -> 236.69 | I4: =VLOOKUP(C4,Customer_Table[],4,FALSE) -> Canada | J4: =IF($E$2*$H$2=$F$2,"MATCH","DESCREPANCY") -> MATCH | M4: Average Order Value | N4: =N2/E362 -> 230.8469
A5: ORD0004 | B5: 45436 | C5: CUST097 | D5: PROD006 | E5: 5 | F5: 1972.3 | G5: =_xlfn.XLOOKUP(Sales_Table[[#This Row],[ProductID]],Products!A:A,Products!C:C,) -> Clothing | H5: =VLOOKUP(D5,Products_Table[],4,FALSE) -> 394.46 | I5: =VLOOKUP(C5,Customer_Table[],4,FALSE) -> Canada | J5: =IF($E$2*$H$2=$F$2,"MATCH","DESCREPANCY") -> MATCH
A6: ORD0005 | B6: 45372 | C6: CUST018 | D6: PROD039 | E6: 5 | F6: 1039.25 | G6: =_xlfn.XLOOKUP(Sales_Table[[#This Row],[ProductID]],Products!A:A,Products!C:C,) -> Clothing | H6: =VLOOKUP(D6,Products_Table[],4,FALSE) -> 207.85 | I6: =VLOOKUP(C6,Customer_Table[],4,FALSE) -> United States | J6: =IF($E$2*$H$2=$F$2,"MATCH","DESCREPANCY") -> MATCH
A7: ORD0006 | B7: 45344 | C7: CUST038 | D7: PROD007 | E7: 3 | F7: 309.9 | G7: =_xlfn.XLOOKUP(Sales_Table[[#This Row],[ProductID]],Products!A:A,Products!C:C,) -> Beauty | H7: =VLOOKUP(D7,Products_Table[],4,FALSE) -> 103.3 | I7: =VLOOKUP(C7,Customer_Table[],4,FALSE) -> United States | J7: =IF($E$2*$H$2=$F$2,"MATCH","DESCREPANCY") -> MATCH | M7: Product Category | N7: Total Revenue
A8: ORD0007 | B8: 45353 | C8: CUST060 | D8: PROD027 | E8: 3 | F8: 449.31 | G8: =_xlfn.XLOOKUP(Sales_Table[[#This Row],[ProductID]],Products!A:A,Products!C:C,) -> Beauty | H8: =VLOOKUP(D8,Products_Table[],4,FALSE) -> 149.77 | I8: =VLOOKUP(C8,Customer_Table[],4,FALSE) -> United Kingdom | J8: =IF($E$2*$H$2=$F$2,"MATCH","DESCREPANCY") -> MATCH | M8: Electronics | N8: =SUMIFS(F2:F361,G2:G361,M8) -> 74267.19
A9: ORD0008 | B9: 45393 | C9: CUST115 | D9: PROD024 | E9: 3 | F9: 1356.6 | G9: =_xlfn.XLOOKUP(Sales_Table[[#This Row],[ProductID]],Products!A:A,Products!C:C,) -> Beauty | H9: =VLOOKUP(D9,Products_Table[],4,FALSE) -> 452.2 | I9: =VLOOKUP(C9,Customer_Table[],4,FALSE) -> Canada | J9: =IF($E$2*$H$2=$F$2,"MATCH","DESCREPANCY") -> MATCH | M9: Sports | N9: =SUMIFS(F2:F361,G2:G361,G3) -> 44843.46
A10: ORD0009 | B10: 45463 | C10: CUST006 | D10: PROD024 | E10: 2 | F10: 904.4 | G10: =_xlfn.XLOOKUP(Sales_Table[[#This Row],[ProductID]],Products!A:A,Products!C:C,) -> Beauty | H10: =VLOOKUP(D10,Products_Table[],4,FALSE) -> 452.2 | I10: =VLOOKUP(C10,Customer_Table[],4,FALSE) -> United Kingdom | J10: =IF($E$2*$H$2=$F$2,"MATCH","DESCREPANCY") -> MATCH | M10: Clothing | N10: =SUMIFS(F2:F361,G2:G361,G11) -> 37792.22
A11: ORD0010 | B11: 45409 | C11: CUST021 | D11: PROD006 | E11: 3 | F11: 1183.38 | G11: =_xlfn.XLOOKUP(Sales_Table[[#This Row],[ProductID]],Products!A:A,Products!C:C,) -> Clothing | H11: =VLOOKUP(D11,Products_Table[],4,FALSE) -> 394.46 | I11: =VLOOKUP(C11,Customer_Table[],4,FALSE) -> United Kingdom | J11: =IF($E$2*$H$2=$F$2,"MATCH","DESCREPANCY") -> MATCH | M11: Beauty | N11: =SUMIFS(F2:F361,G2:G361,G9) -> 49960.63
A12: ORD0011 | B12: 45310 | C12: CUST041 | D12: PROD005 | E12: 3 | F12: 877.02 | G12: =_xlfn.XLOOKUP(Sales_Table[[#This Row],[ProductID]],Products!A:A,Products!C:C,) -> Sports | H12: =VLOOKUP(D12,Products_Table[],4,FALSE) -> 292.34 | I12: =VLOOKUP(C12,Customer_Table[],4,FALSE) -> United States | J12: =IF($E$2*$H$2=$F$2,"MATCH","DESCREPANCY") -> MATCH | M12: Home | N12: =SUMIFS(F2:F361,G2:G361,G25) -> 42451.15
A13: ORD0012 | B13: 45409 | C13: CUST110 | D13: PROD028 | E13: 1 | F13: 334.32 | G13: =_xlfn.XLOOKUP(Sales_Table[[#This Row],[ProductID]],Products!A:A,Products!C:C,) -> Sports | H13: =VLOOKUP(D13,Products_Table[],4,FALSE) -> 334.32 | I13: =VLOOKUP(C13,Customer_Table[],4,FALSE) -> United States | J13: =IF($E$2*$H$2=$F$2,"MATCH","DESCREPANCY") -> MATCH
A14: ORD0013 | B14: 45436 | C14: CUST025 | D14: PROD033 | E14: 5 | F14: 190.05 | G14: =_xlfn.XLOOKUP(Sales_Table[[#This Row],[ProductID]],Products!A:A,Products!C:C,) -> Home | H14: =VLOOKUP(D14,Products_Table[],4,FALSE) -> 38.01 | I14: =VLOOKUP(C14,Customer_Table[],4,FALSE) -> United Kingdom | J14: =IF($E$2*$H$2=$F$2,"MATCH","DESCREPANCY") -> MATCH
A15: ORD0014 | B15: 45310 | C15: CUST053 | D15: PROD015 | E15: 1 | F15: 272.78 | G15: =_xlfn.XLOOKUP(Sales_Table[[#This Row],[ProductID]],Products!A:A,Products!C:C,) -> Clothing | H15: =VLOOKUP(D15,Products_Table[],4,FALSE) -> 272.78 | I15: =VLOOKUP(C15,Customer_Table[],4,FALSE) -> United States | J15: =IF($E$2*$H$2=$F$2,"MATCH","DESCREPANCY") -> MATCH | M15: Country | N15: Total Revenue
A16: ORD0015 | B16: 45346 | C16: CUST043 | D16: PROD017 | E16: 5 | F16: 1183.45 | G16: =_xlfn.XLOOKUP(Sales_Table[[#This Row],[ProductID]],Products!A:A,Products!C:C,) -> Home | H16: =VLOOKUP(D16,Products_Table[],4,FALSE) -> 236.69 | I16: =VLOOKUP(C16,Customer_Table[],4,FALSE) -> United Kingdom | J16: =IF($E$2*$H$2=$F$2,"MATCH","DESCREPANCY") -> MATCH | M16: Canada | N16: =SUMIFS(F:F,I:I,M16) -> 57774.68
A17: ORD0016 | B17: 45359 | C17: CUST049 | D17: PROD031 | E17: 5 | F17: 1469 | G17: =_xlfn.XLOOKUP(Sales_Table[[#This Row],[ProductID]],Products!A:A,Products!C:C,) -> Electronics | H17: =VLOOKUP(D17,Products_Table[],4,FALSE) -> 293.8 | I17: =VLOOKUP(C17,Customer_Table[],4,FALSE) -> Canada | J17: =IF($E$2*$H$2=$F$2,"MATCH","DESCREPANCY") -> MATCH | M17: India | N17: =SUMIFS(F:F,I:I,M17) -> 51405.48
A18: ORD0017 | B18: 45381 | C18: CUST080 | D18: PROD029 | E18: 2 | F18: 171.7 | G18: =_xlfn.XLOOKUP(Sales_Table[[#This Row],[ProductID]],Products!A:A,Products!C:C,) -> Beauty | H18: =VLOOKUP(D18,Products_Table[],4,FALSE) -> 85.85 | I18: =VLOOKUP(C18,Customer_Table[],4,FALSE) -> United States | J18: =IF($E$2*$H$2=$F$2,"MATCH","DESCREPANCY") -> MATCH | M18: United Kingdom | N18: =SUMIFS(F:F,I:I,M18) -> 86879.59
A19: ORD0018 | B19: 45354 | C19: CUST071 | D19: PROD040 | E19: 1 | F19: 130.65 | G19: =_xlfn.XLOOKUP(Sales_Table[[#This Row],[ProductID]],Products!A:A,Products!C:C,) -> Sports | H19: =VLOOKUP(D19,Products_Table[],4,FALSE) -> 130.65 | I19: =VLOOKUP(C19,Customer_Table[],4,FALSE) -> India | J19: =IF($E$2*$H$2=$F$2,"MATCH","DESCREPANCY") -> MATCH | M19: United States | N19: =SUMIFS(F:F,I:I,M19) -> 53254.9
A20: ORD0019 | B20: 45364 | C20: CUST083 | D20: PROD028 | E20: 3 | F20: 1002.96 | G20: =_xlfn.XLOOKUP(Sales_Table[[#This Row],[ProductID]],Products!A:A,Products!C:C,) -> Sports | H20: =VLOOKUP(D20,Products_Table[],4,FALSE) -> 334.32 | I20: =VLOOKUP(C20,Customer_Table[],4,FALSE) -> United Kingdom | J20: =IF($E$2*$H$2=$F$2,"MATCH","DESCREPANCY") -> MATCH
A21: ORD0020 | B21: 45404 | C21: CUST006 | D21: PROD020 | E21: 2 | F21: 839.3 | G21: =_xlfn.XLOOKUP(Sales_Table[[#This Row],[ProductID]],Products!A:A,Products!C:C,) -> Sports | H21: =VLOOKUP(D21,Products_Table[],4,FALSE) -> 419.65 | I21: =VLOOKUP(C21,Customer_Table[],4,FALSE) -> United Kingdom | J21: =IF($E$2*$H$2=$F$2,"MATCH","DESCREPANCY") -> MATCH
A22: ORD0021 | B22: 45472 | C22: CUST006 | D22: PROD022 | E22: 5 | F22: 457.45 | G22: =_xlfn.XLOOKUP(Sales_Table[[#This Row],[ProductID]],Products!A:A,Products!C:C,) -> Clothing | H22: =VLOOKUP(D22,Products_Table[],4,FALSE) -> 91.49 | I22: =VLOOKUP(C22,Customer_Table[],4,FALSE) -> United Kingdom | J22: =IF($E$2*$H$2=$F$2,"MATCH","DESCREPANCY") -> MATCH
A23: ORD0022 | B23: 45448 | C23: CUST102 | D23: PROD019 | E23: 3 | F23: 173.94 | G23: =_xlfn.XLOOKUP(Sales_Table[[#This Row],[ProductID]],Products!A:A,Products!C:C,) -> Sports | H23: =VLOOKUP(D23,Products_Table[],4,FALSE) -> 57.98 | I23: =VLOOKUP(C23,Customer_Table[],4,FALSE) -> Canada | J23: =IF($E$2*$H$2=$F$2,"MATCH","DESCREPANCY") -> MATCH
A24: ORD0023 | B24: 45294 | C24: CUST061 | D24: PROD022 | E24: 5 | F24: 457.45 | G24: =_xlfn.XLOOKUP(Sales_Table[[#This Row],[ProductID]],Products!A:A,Products!C:C,) -> Clothing | H24: =VLOOKUP(D24,Products_Table[],4,FALSE) -> 91.49 | I24: =VLOOKUP(C24,Customer_Table[],4,FALSE) -> India | J24: =IF($E$2*$H$2=$F$2,"MATCH","DESCREPANCY") -> MATCH
A25: ORD0024 | B25: 45368 | C25: CUST104 | D25: PROD013 | E25: 5 | F25: 2011.45 | G25: =_xlfn.XLOOKUP(Sales_Table[[#This Row],[ProductID]],Products!A:A,Products!C:C,) -> Home | H25: =VLOOKUP(D25,Products_Table[],4,FALSE) -> 402.29 | I25: =VLOOKUP(C25,Customer_Table[],4,FALSE) -> Canada | J25: =IF($E$2*$H$2=$F$2,"MATCH","DESCREPANCY") -> MATCH
A26: ORD0025 | B26: 45326 | C26: CUST027 | D26: PROD032 | E26: 1 | F26: 39.87 | G26: =_xlfn.XLOOKUP(Sales_Table[[#This Row],[ProductID]],Products!A:A,Products!C:C,) -> Sports | H26: =VLOOKUP(D26,Products_Table[],4,FALSE) -> 39.87 | I26: =VLOOKUP(C26,Customer_Table[],4,FALSE) -> United States | J26: =IF($E$2*$H$2=$F$2,"MATCH","DESCREPANCY") -> MATCH
A27: ORD0026 | B27: 45321 | C27: CUST041 | D27: PROD016 | E27: 3 | F27: 650.16 | G27: =_xlfn.XLOOKUP(Sales_Table[[#This Row],[ProductID]],Products!A:A,Products!C:C,) -> Clothing | H27: =VLOOKUP(D27,Products_Table[],4,FALSE) -> 216.72 | I27: =VLOOKUP(C27,Customer_Table[],4,FALSE) -> United States | J27: =IF($E$2*$H$2=$F$2,"MATCH","DESCREPANCY") -> MATCH
A28: ORD0027 | B28: 45433 | C28: CUST001 | D28: PROD020 | E28: 1 | F28: 419.65 | G28: =_xlfn.XLOOKUP(Sales_Table[[#This Row],[ProductID]],Products!A:A,Products!C:C,) -> Sports | H28: =VLOOKUP(D28,Products_Table[],4,FALSE) -> 419.65 | I28: =VLOOKUP(C28,Customer_Table[],4,FALSE) -> India | J28: =IF($E$2*$H$2=$F$2,"MATCH","DESCREPANCY") -> MATCH
A29: ORD0028 | B29: 45361 | C29: CUST056 | D29: PROD032 | E29: 2 | F29: 79.74 | G29: =_xlfn.XLOOKUP(Sales_Table[[#This Row],[ProductID]],Products!A:A,Products!C:C,) -> Sports | H29: =VLOOKUP(D29,Products_Table[],4,FALSE) -> 39.87 | I29: =VLOOKUP(C29,Customer_Table[],4,FALSE) -> United Kingdom | J29: =IF($E$2*$H$2=$F$2,"MATCH","DESCREPANCY") -> MATCH
A30: ORD0029 | B30: 45446 | C30: CUST034 | D30: PROD007 | E30: 3 | F30: 309.9 | G30: =_xlfn.XLOOKUP(Sales_Table[[#This Row],[ProductID]],Products!A:A,Products!C:C,) -> Beauty | H30: =VLOOKUP(D30,Products_Table[],4,FALSE) -> 103.3 | I30: =VLOOKUP(C30,Customer_Table[],4,FALSE) -> United States | J30: =IF($E$2*$H$2=$F$2,"MATCH","DESCREPANCY") -> MATCH
A31: ORD0030 | B31: 45379 | C31: CUST098 | D31: PROD010 | E31: 2 | F31: 866.56 | G31: =_xlfn.XLOOKUP(Sales_Table[[#This Row],[ProductID]],Products!A:A,Products!C:C,) -> Beauty | H31: =VLOOKUP(D31,Products_Table[],4,FALSE) -> 433.28 | I31: =VLOOKUP(C31,Customer_Table[],4,FALSE) -> United Kingdom | J31: =IF($E$2*$H$2=$F$2,"MATCH","DESCREPANCY") -> MATCH
... A361: ORD0360 | B361: 45295 | C361: CUST103 | D361: PROD024 | E361: 5 | F361: 2261 | G361: =_xlfn.XLOOKUP(Sales_Table[[#This Row],[ProductID]],Products!A:A,Products!C:C,) -> Beauty | H361: =VLOOKUP(D361,Products_Table[],4,FALSE) -> 452.2 | I361: =VLOOKUP(C361,Customer_Table[],4,FALSE) -> United States | J361: =IF($E$2*$H$2=$F$2,"MATCH","DESCREPANCY") -> MATCH
A362: =COUNTA(Sales_Table[OrderID]) -> 360 | E362: =SUM(Sales_Table[Quantity]) -> 1080 | F362: =SUM(Sales_Table[SalesAmount]) -> 249314.65

Sheet Products
A1: ProductID | B1: ProductName | C1: Category | D1: UnitPrice
A2: PROD001 | B2: Product_1 | C2: Electronics | D2: 431.22
A3: PROD002 | B3: Product_2 | C3: Electronics | D3: 261.94
A4: PROD003 | B4: Product_3 | C4: Home | D4: 337.8
A5: PROD004 | B5: Product_4 | C5: Clothing | D5: 274.22
A6: PROD005 | B6: Product_5 | C6: Sports | D6: 292.34
A7: PROD006 | B7: Product_6 | C7: Clothing | D7: 394.46
A8: PROD007 | B8: Product_7 | C8: Beauty | D8: 103.3
A9: PROD008 | B9: Product_8 | C9: Electronics | D9: 332.9
A10: PROD009 | B10: Product_9 | C10: Home | D10: 217.55
A11: PROD010 | B11: Product_10 | C11: Beauty | D11: 433.28
A12: PROD011 | B12: Product_11 | C12: Electronics | D12: 339.95
A13: PROD012 | B13: Product_12 | C13: Electronics | D13: 39.7
... A41: PROD040 | B41: Product_40 | C41: Sports | D41: 130.65

Sheet Customer_info
A1: CustomerID | B1: CustomerName | C1: Email | D1: Country | E1: SignupDate
A2: CUST001 | B2: Customer_1 | C2: customer1@email.com | D2: India | E2: 44984
A3: CUST002 | B3: Customer_2 | C3: customer2@email.com | D3: United Kingdom | E3: 45067
A4: CUST003 | B4: Customer_3 | C4: customer3@email.com | D4: United Kingdom | E4: 45041
A5: CUST004 | B5: Customer_4 | C5: customer4@email.com | D5: United Kingdom | E5: 44979
A6: CUST005 | B6: Customer_5 | C6: customer5@email.com | D6: India | E6: 45206
A7: CUST006 | B7: Customer_6 | C7: customer6@email.com | D7: United Kingdom | E7: 45229
A8: CUST007 | B8: Customer_7 | C8: customer7@email.com | D8: United States | E8: 44943
A9: CUST008 | B9: Customer_8 | C9: customer8@email.com | D9: United Kingdom | E9: 44974
A10: CUST009 | B10: Customer_9 | C10: customer9@email.com | D10: United Kingdom | E10: 45046
A11: CUST010 | B11: Customer_10 | C11: customer10@email.com | D11: Canada | E11: 45235
A12: CUST011 | B12: Customer_11 | C12: customer11@email.com | D12: United Kingdom | E12: 45214
A13: CUST012 | B13: Customer_12 | C13: customer12@email.com | D13: United Kingdom | E13: 45259
... A121: CUST120 | B121: Customer_120 | C121: customer120@email.com | D121: United Kingdom | E121: 44961
